{"access_token": "ya29.A0ARrdaM_v36-deBxpXYGfnr0R99H7ADkL8QTRoGIiMuRLx9osmGZEB-OnuXlc3d47JTL5lpSbHII24ZrT1MQCfVzGugShjjKuZ5DZ9RRw9naR8DnepbQiO3PiD8AcEC3TEYF6pFOSh3ldHY_zkve_CT0Tbxhh", "client_id": "189785009617-e9c6siqbdt8rta6a19dsa58m5h20oai6.apps.googleusercontent.com", "client_secret": "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", "refresh_token": "1//039Qnb0D8CTrvCgYIARAAGAMSNwF-L9Ir_siVMawRUrtHrGSrIgYehWyZlnJaGliKPQyooHzCKEpC-rG2YADbLI7DTZR9EFx9Xj8", "token_expiry": "2022-02-25T15:04:49Z", "token_uri": "https://oauth2.googleapis.com/token", "user_agent": null, "revoke_uri": "https://oauth2.googleapis.com/revoke", "id_token": null, "id_token_jwt": null, "token_response": {"access_token": "ya29.A0ARrdaM_v36-deBxpXYGfnr0R99H7ADkL8QTRoGIiMuRLx9osmGZEB-OnuXlc3d47JTL5lpSbHII24ZrT1MQCfVzGugShjjKuZ5DZ9RRw9naR8DnepbQiO3PiD8AcEC3TEYF6pFOSh3ldHY_zkve_CT0Tbxhh", "expires_in": 3599, "scope": "https://www.googleapis.com/auth/drive", "token_type": "Bearer"}, "scopes": ["https://www.googleapis.com/auth/drive"], "token_info_uri": "https://oauth2.googleapis.com/tokeninfo", "invalid": false, "_class": "OAuth2Credentials", "_module": "oauth2client.client"}